id,K,KDE,P0,Q0,delta_qp,k_pq,k_qpp,lambda_p,y_p,y_q
8948,200.37482426042578,0.0919459608474668,36.19791107317455,0.21415699450057693,0.6552793857835733,0.44868256425721353,0.008725606304034215,0.7351688059313984,7.346573423913985,1.0179340977020312
