id,K,KDE,P0,Q0,delta_qp,k_pq,k_qpp,lambda_p,y_p,y_q
2902,237.97864457507038,0.13583698729102364,37.27541753866221,6.097755548715176,0.33171243719111637,0.10614328076994053,0.08472309511061514,0.2934130751175376,8.633255085645652,1.3750252490039085
