id,K,KDE,P0,Q0,delta_qp,k_pq,k_qpp,lambda_p,y_p,y_q
5959,296.04181740353596,0.010311645436779454,41.76172852598011,83.49432891676378,0.3533153736992386,0.19201095584842798,0.004222308076932899,0.39090016241792247,5.724331202540616,4.03589131896571
